child,parent,grandparent
0xd4e6362e225cc4a978b62ffd474336a9195ddc69,0xdfa7671bd325412cb2d5e7199ebc79f882bbf6a1,0xa641bfbf23340d5014d50a674a02cf193a694870
0x1cda454252e1379e1940304c2b95303bed5531d8,0xf180d39998beac94ecad0dc99144dbc33c8e3a08,0x0000000000000000000000000000000000000000
0xdad2161afb22220283e46aff56e9aad3246014a2,0x6cebd05928c305c983d6856e05a45f79e554ddf0,0x0000000000000000000000000000000000000000
0x4632489c037b804358dbca49f7ed78cc53125384,0x42b2a1c96f5b8feca3c084dbe1d3189d13975ea3,0x0000000000000000000000000000000000000000
0xa1c38c36410b6d0584e4c8352a4e03794c1a393a,0x6cebd05928c305c983d6856e05a45f79e554ddf0,0x0000000000000000000000000000000000000000
0x221a9d9b7bc6e87c5c0a2da4ce26201b8e953482,0x6cebd05928c305c983d6856e05a45f79e554ddf0,0x0000000000000000000000000000000000000000
0x28f208a2ed78353bde1ddff802b8a6fadbc4d094,0xf180d39998beac94ecad0dc99144dbc33c8e3a08,0x0000000000000000000000000000000000000000
0xc4573808442c5fcae27ac99b78d9c83e57d7bfb1,0xf180d39998beac94ecad0dc99144dbc33c8e3a08,0x0000000000000000000000000000000000000000
0xb2ca4918e1759ba2f733b88b108fa10c602398b4,0xf180d39998beac94ecad0dc99144dbc33c8e3a08,0x0000000000000000000000000000000000000000
0xa925650e051423e3811400a9479d3e8d56f9a4fa,0x56ffd1bf1aedbb4814fbc69704544736798b605a,0x0000000000000000000000000000000000000000
0xd3ebf4613cc77582e5572313e939ddddad4c86cb,0x1a47ef7e41e3ac6e7f9612f697e69f8d0d9f0249,0x95be1b88ca0b875583ed5acf0dab5f93fcd802be
0xd5ce939e0778fd6dc9392bfe729cfa714494fae8,0xe5857f6f35cb1bb362899c570d01796f452d2e11,0x0000000000000000000000000000000000000000
0x13406529174896729b945d9c251f0e0af37add1c,0xbb751163658b8af49eb024bb2c4676650ba411fc,0x0000000000000000000000000000000000000000
0x84df26b640239ec5dddade55d53d2279376d10a9,0x840b924613f78b4d5f243552ca0c9557288d7614,0x0000000000000000000000000000000000000000
0xae93d0f9a886351a245ea129a6b2de82ba32243a,0xcb11673592cc6c4b9584f33bbba6c6cf07dde3f7,0x0000000000000000000000000000000000000000
0xae72a9552e334627e8fa9ccffcd9f59f23b65c4b,0x59fd51f8b0a09e0854f8aa85a954d470237d641d,0x0000000000000000000000000000000000000000
0x70ff299c38563abda06c33cbd9997badc746f4d2,0x6cebd05928c305c983d6856e05a45f79e554ddf0,0x0000000000000000000000000000000000000000
0x9aa66bad1dfce8d0309d54072e537ee9fa041c72,0x229866a39b5ea3291374247e6b8e5d6313325cc4,0xbb751163658b8af49eb024bb2c4676650ba411fc
0x773ebc6d129b054f652c421d7365404252a701d2,0xbb751163658b8af49eb024bb2c4676650ba411fc,0x0000000000000000000000000000000000000000
0x89697ad9e9738f390e00a9fc5fe96e01e0f5881a,0x229866a39b5ea3291374247e6b8e5d6313325cc4,0xbb751163658b8af49eb024bb2c4676650ba411fc
0xee10a6170538f10459be4a24b963daf8ed8c9a4a,0x11487f9e7e06b592896e9732d410de3064c49f3d,0x0000000000000000000000000000000000000000
0xea32a33300d64bddb9f09a8308d44c23616ec706,0xb7b1a0ff66840ce7c70d21ad561644564b20fbcf,0x6e1e9701bee5f23fbb9a22f5e7c0c18e09f6ec2d
0xb6b77d3e63d63e054b54db25d7bfe1a50e7dc7f5,0x2e3954966f2019e65912efd5303b5de41b869119,0x4e6e3d83e88cf12e0607e0c5ed658bfce227ddef
0xf29748c922169a0b26b38043622927065519de7d,0xbb751163658b8af49eb024bb2c4676650ba411fc,0x0000000000000000000000000000000000000000
0x95574c3b2d29630ed091b570c96ec6cc52ea6b29,0x6cebd05928c305c983d6856e05a45f79e554ddf0,0x0000000000000000000000000000000000000000
0xef589a9760417535a80b6be768e3bb12a148d9bf,0xf180d39998beac94ecad0dc99144dbc33c8e3a08,0x0000000000000000000000000000000000000000
0x814f8546805f067c33b6ab7415a37b5c01075a5e,0x6cebd05928c305c983d6856e05a45f79e554ddf0,0x0000000000000000000000000000000000000000
0xd7124a88bab94b93f3762e5c7de75f6e8db512e6,0x59fd51f8b0a09e0854f8aa85a954d470237d641d,0x0000000000000000000000000000000000000000
0x55e36f90b8ffca6dae79d67025f0e3fb5516a991,0xe06cc74a01d2585c457020f20755dd6afb885e9b,0x51fc339d57541ed05fe5a88a6c970373c733edbc
0xaf352279803ab94a1172cb64a99c31a68e384115,0xf180d39998beac94ecad0dc99144dbc33c8e3a08,0x0000000000000000000000000000000000000000
0xa0fbbfd894e77a00eb4a9d9ba8d1ea1d898d62c7,0xb69cbceb20b9ef2c0b8e90b5467e9dacb54df6f5,0x0000000000000000000000000000000000000000
0x3a6530167da830770d1d7c6e0f456d64a7ac9667,0xf180d39998beac94ecad0dc99144dbc33c8e3a08,0x0000000000000000000000000000000000000000
0x05ca1c1250e1515e56b3fd5946bb59cad0fa7e76,0x6cebd05928c305c983d6856e05a45f79e554ddf0,0x0000000000000000000000000000000000000000
0x6d907b8be66e07e90c0797b2bc080ecb382bb146,0x10769bba1a9c6cd6a22e672c88b3ef266f57c77e,0x4316d175db9b7bcc6edd00513f0389dfa967bd77
0x9f90896db3f4c68e6de766013b014cfab35351d2,0xbb751163658b8af49eb024bb2c4676650ba411fc,0x0000000000000000000000000000000000000000
0xbf44b0ccccf157c9f6b6b2171f981f54acc2bf5a,0xb695339b8f39102985aeceae4b7e0b381c20bb4e,0x0000000000000000000000000000000000000000
0xf74e780360855bdfde6029e7e54b8b1eea815399,0x73c40b85ff2b6a8b03148fb175ee44a6551002c4,0x0000000000000000000000000000000000000000
0xa1f7b9f076ae6cb803e262ac0e4de90935ae143a,0x6cebd05928c305c983d6856e05a45f79e554ddf0,0x0000000000000000000000000000000000000000
0x194982cd05b3c8880451069e44b3491903d75387,0xf180d39998beac94ecad0dc99144dbc33c8e3a08,0x0000000000000000000000000000000000000000
0x28c1ed3ca6289f8e0c6b68508c1b7fc00372001e,0x1a47ef7e41e3ac6e7f9612f697e69f8d0d9f0249,0x95be1b88ca0b875583ed5acf0dab5f93fcd802be
0xcd1ed3ad425a64111c4e19105e3343562d775fcc,0x6cebd05928c305c983d6856e05a45f79e554ddf0,0x0000000000000000000000000000000000000000
0x2d5830b16f7d9dbdc12024bc6df011859920f320,0x5a4ffcf5e16076f0d0dd5916e4858abce3bbf1bc,0x0000000000000000000000000000000000000000
0xc67afe4b1e178d04ffa43310b2eb42bd3e12b2d5,0x6cebd05928c305c983d6856e05a45f79e554ddf0,0x0000000000000000000000000000000000000000
0xd414221f547f4bb30cf584dfca4526d747586dee,0x229866a39b5ea3291374247e6b8e5d6313325cc4,0xbb751163658b8af49eb024bb2c4676650ba411fc
0x1abd0dfc000cd960d84feee0534991b42c1152af,0x30854f045fa685e03530f265a826761e19fc0e17,0x0000000000000000000000000000000000000000
0x662bbb1f3a4ac797bcfb37defeb8f1bf13de223a,0x459172ba4399d790d527378e74e5a19bad35f490,0xf3f155adf8580a36e95bebefc8790b7c23a5145c
0xb4d1d7399d85da6bd7478e1af7a26c43633e6852,0x229866a39b5ea3291374247e6b8e5d6313325cc4,0xbb751163658b8af49eb024bb2c4676650ba411fc
0x51fc339d57541ed05fe5a88a6c970373c733edbc,0xbf7b02df420520d07c0aa1f67706f142b2bc0a0a,0x0000000000000000000000000000000000000000
0x645f80a366d2471821efe696148413018440382b,0x10f12c2d71cfd9247095a7ab2649551d30d65ff8,0x0000000000000000000000000000000000000000
0x92a6c6aa0b82625583b1ad714f99eddb818b7dfd,0x59fd51f8b0a09e0854f8aa85a954d470237d641d,0x0000000000000000000000000000000000000000
0x557c3dc89e623cc2cf4afc5b30515899c351fc2b,0x6cebd05928c305c983d6856e05a45f79e554ddf0,0x0000000000000000000000000000000000000000
0xe18e6e18623206c200d0eb685bce177310e1ba51,0xf180d39998beac94ecad0dc99144dbc33c8e3a08,0x0000000000000000000000000000000000000000
0xfdbe75c6a8aec3a8b7f7f4623df438c1c4debdb0,0x5f299586ad0c7ff712572a708cbe462dacecb166,0x0000000000000000000000000000000000000000
0x992b6a5030850ea2a0d678463ea2f6ef2dcf1d17,0xbb751163658b8af49eb024bb2c4676650ba411fc,0x0000000000000000000000000000000000000000
0x562c66a423846f4d37fe5f9ce856c0fd19bb28ca,0xefe139ecee9b787ae4329814058003e81a3a40c1,0x87e312c3c5e3f91714c8b5462128400eb92c609d
0xc4cd5a79b428ff0309507cdcb22a22d6a1689a2b,0xf180d39998beac94ecad0dc99144dbc33c8e3a08,0x0000000000000000000000000000000000000000
0xdfd7bcbe3e0086697701b0071b4e1d89b7d6296b,0x84f9b9eaab0da8e2a86a2e0e3203092e2db62013,0x0000000000000000000000000000000000000000
0xbe606084f70b925134532b36fdfdf1d39ce1f259,0xbb751163658b8af49eb024bb2c4676650ba411fc,0x0000000000000000000000000000000000000000
0xf78f54cde1eb8156aa0e8fc8f58d106408cce1f4,0x73c40b85ff2b6a8b03148fb175ee44a6551002c4,0x0000000000000000000000000000000000000000
0x043a545d66b1492c270960df803b292e094acb56,0x93b61e434ed60e55b36b65e8c9ed59869f942dd1,0x0000000000000000000000000000000000000000
0x8f1dc00a50647520368363244f6ea20ab835e48c,0xb69cbceb20b9ef2c0b8e90b5467e9dacb54df6f5,0x0000000000000000000000000000000000000000
0xabca02e563fac1df9d8dc0bb4bda31efe471a44a,0x6cebd05928c305c983d6856e05a45f79e554ddf0,0x0000000000000000000000000000000000000000
0xd7f8a1299dd5238e6f2c3b9e6f3bb6181b76846c,0xd5ce939e0778fd6dc9392bfe729cfa714494fae8,0xe5857f6f35cb1bb362899c570d01796f452d2e11
0xe1477432efb072da51f492762a3d3bb88777bfa9,0x4d2564ab6e91a2b667ad7b5747918e5ef3dc327f,0x0000000000000000000000000000000000000000
0x74df75f4c4b3bab90627d97efcc043fadb4a0f31,0x229866a39b5ea3291374247e6b8e5d6313325cc4,0xbb751163658b8af49eb024bb2c4676650ba411fc
0xdfa7671bd325412cb2d5e7199ebc79f882bbf6a1,0xa641bfbf23340d5014d50a674a02cf193a694870,0xe06cc74a01d2585c457020f20755dd6afb885e9b
0x53a128e1a26c6ba4fac62d048a6e1cc08215289a,0x229866a39b5ea3291374247e6b8e5d6313325cc4,0xbb751163658b8af49eb024bb2c4676650ba411fc
0x9c4f884235e43a5e33aa5065f8d6a1b7bf45128a,0x507e2135da72698044a8e6ff042324a18d73597b,0x0000000000000000000000000000000000000000
0xfa780fd381d232b0797fa0abd90164a97dc3c6a7,0x6cebd05928c305c983d6856e05a45f79e554ddf0,0x0000000000000000000000000000000000000000
0x7d248fa59fa28e88b19a3ce499db46f7982909c6,0xf180d39998beac94ecad0dc99144dbc33c8e3a08,0x0000000000000000000000000000000000000000
0x161324631c0fa0af5de534e43beb1de3ba90128a,0x56ffd1bf1aedbb4814fbc69704544736798b605a,0x0000000000000000000000000000000000000000
0x4517a10cdd07d9b28816fce63a6fb5ed60c677b2,0x93b61e434ed60e55b36b65e8c9ed59869f942dd1,0x0000000000000000000000000000000000000000
0x3464db22b89df3a239ef7a4835043a0fc088c419,0xb69cbceb20b9ef2c0b8e90b5467e9dacb54df6f5,0x0000000000000000000000000000000000000000
0xede66756d0817e49faa1c0f33404032b2b3a66c0,0x1a47ef7e41e3ac6e7f9612f697e69f8d0d9f0249,0x95be1b88ca0b875583ed5acf0dab5f93fcd802be
0x080c4ba36d17db7af0a922faae8fe73527123442,0xbb751163658b8af49eb024bb2c4676650ba411fc,0x0000000000000000000000000000000000000000
0xf203e8b734a8fdee4469d3497d1746a080091d05,0x93b61e434ed60e55b36b65e8c9ed59869f942dd1,0x0000000000000000000000000000000000000000
0x821f7d0e878ff5ae3812140b86af807773379544,0x4e6e3d83e88cf12e0607e0c5ed658bfce227ddef,0xb6b77d3e63d63e054b54db25d7bfe1a50e7dc7f5
0x229866a39b5ea3291374247e6b8e5d6313325cc4,0xbb751163658b8af49eb024bb2c4676650ba411fc,0x0000000000000000000000000000000000000000
0xd407c1206b2d38c50eaf160213737904a98bbc09,0x59fd51f8b0a09e0854f8aa85a954d470237d641d,0x0000000000000000000000000000000000000000
0x04a8c06ac6d06f25c657fe61106a485d2583be71,0xff49bd163610666fae9815b2466eb70d4c0aca09,0x0000000000000000000000000000000000000000
0xf23e84d4d510c5a95c6b12de8aec1f3db0e10363,0xc23816d5c97ccf07f57e8701859d6b524e5a320c,0x73c40b85ff2b6a8b03148fb175ee44a6551002c4
0xd0eb787a913c41d4eedacc32b08771b89db7a7de,0x093615032936fe291e9e18be0743a4143a295e8a,0x94c71d1780ff80e6154f9e885132bb9d3c207ffd
0x5eb7cc33f11709b4b1ef4dae2f749ce739b1829a,0x56ffd1bf1aedbb4814fbc69704544736798b605a,0x0000000000000000000000000000000000000000
0x6dc98f2aa4b14bfa3b4f0ba2b321e7c18f21d5d8,0x56ffd1bf1aedbb4814fbc69704544736798b605a,0x0000000000000000000000000000000000000000
0x9dbced00e4eb4c787069e21c93a4ed7c28c1e97e,0xcb11673592cc6c4b9584f33bbba6c6cf07dde3f7,0x0000000000000000000000000000000000000000
0xf8becc11b003cf344b8ec931d5343d865086abcf,0x5f299586ad0c7ff712572a708cbe462dacecb166,0x0000000000000000000000000000000000000000
0x5e84c10d80444b8db85ac8d435ed0f0194cdc316,0x1a47ef7e41e3ac6e7f9612f697e69f8d0d9f0249,0x95be1b88ca0b875583ed5acf0dab5f93fcd802be
0xf2984a26ef337886021d2827e81cc3aa9363c1f6,0x6cebd05928c305c983d6856e05a45f79e554ddf0,0x0000000000000000000000000000000000000000
0xb6e61604809009b1c000a19e39ce44bb87c182eb,0x4e6e3d83e88cf12e0607e0c5ed658b03f3889f77,0x0000000000000000000000000000000000000000
0xde685245241f82435bbf4535d94196a37ad29fb8,0x871b6e605230c16697cc1c94d49dd9804edeab99,0x5845748d92a1dab0c670847d0f8d70c7b377c2b2
0xaa5ea948fcbd10132b2659cd2181aa06a000c74f,0x1a47ef7e41e3ac6e7f9612f697e69f8d0d9f0249,0x95be1b88ca0b875583ed5acf0dab5f93fcd802be
0x699dc4e0043012ebaed1e86cb18f6c5e4611641b,0xbb751163658b8af49eb024bb2c4676650ba411fc,0x0000000000000000000000000000000000000000
0x5e3025c5547c5f76b4a0b77ff033b4345418946e,0xab769309ebceeda984e666ab727b36211ba02a8a,0x0000000000000000000000000000000000000000
0xb72f994f4c3c4c1286534387e81a9287b7dbd550,0xbb751163658b8af49eb024bb2c4676650ba411fc,0x0000000000000000000000000000000000000000
0xddb64b358d3eb2c7a5c65e6fe40a35cda94cd440,0xf180d39998beac94ecad0dc99144dbc33c8e3a08,0x0000000000000000000000000000000000000000
0x0fa5653457343078ca1165a0156610b674b52fc2,0xf180d39998beac94ecad0dc99144dbc33c8e3a08,0x0000000000000000000000000000000000000000
0x1028524fffe6f643f7d0e1a383bdc3ae56dc05d0,0x48497d369da6ebd6d639dc80f0fde61d9be0584a,0x0000000000000000000000000000000000000000
0x06c4eca797eed5e8345543d88690108850a5b7a8,0x1a47ef7e41e3ac6e7f9612f697e69f8d0d9f0249,0x95be1b88ca0b875583ed5acf0dab5f93fcd802be
0xd42f7148d63e567126f3f436b745c3ada2f2afa6,0x59fd51f8b0a09e0854f8aa85a954d470237d641d,0x0000000000000000000000000000000000000000
0x377c9341485195c4b69493ab113e0ccf0493639b,0xcb11673592cc6c4b9584f33bbba6c6cf07dde3f7,0x0000000000000000000000000000000000000000
0xf8bc58b556403dcc4d05e3fd67e052f9324869ca,0x656043c240b7722810ddd339cc4f6daaae436f53,0x0000000000000000000000000000000000000000
0x5195e491b4e620505995717f575489c2e3e0e593,0x5845748d92a1dab0c670847d0f8d70c7b377c2b2,0x0000000000000000000000000000000000000000
0x23962e3711136c4c55019708bec9eee73d0dd45c,0xf180d39998beac94ecad0dc99144dbc33c8e3a08,0x0000000000000000000000000000000000000000
0xc6a7582099a31c9db4db997d4f86a8261467c105,0xbb751163658b8af49eb024bb2c4676650ba411fc,0x0000000000000000000000000000000000000000
0x639b3f71e6f45d5b7a0b304f1434c541b7883a27,0xf180d39998beac94ecad0dc99144dbc33c8e3a08,0x0000000000000000000000000000000000000000
0x7216f5384dbc9e61f37349f3c08fb1bd55e29ea9,0x56ffd1bf1aedbb4814fbc69704544736798b605a,0x0000000000000000000000000000000000000000
0x9494f0f69e78afd298baf9437d414569511fee39,0xf180d39998beac94ecad0dc99144dbc33c8e3a08,0x0000000000000000000000000000000000000000
0xa717b772cc9e045544fca85894114bd0ec93f09f,0xb69cbceb20b9ef2c0b8e90b5467e9dacb54df6f5,0x0000000000000000000000000000000000000000
0x22da5f0fcd956384dcd07155138aa8e8c0df3d45,0x2d5830b16f7d9dbdc12024bc6df011859920f320,0x5a4ffcf5e16076f0d0dd5916e4858abce3bbf1bc
0x723c69f6138d89d574ebbfac5a8fd5cbe4bb4750,0xbb751163658b8af49eb024bb2c4676650ba411fc,0x0000000000000000000000000000000000000000
0xc9beee964a4c42a359559a9544c9b72202e62f53,0x229866a39b5ea3291374247e6b8e5d6313325cc4,0xbb751163658b8af49eb024bb2c4676650ba411fc
0xe2f9e9b2b5579b61ba18e038f70eb0b3882ddbc5,0x5845748d92a1dab0c670847d0f8d70c7b377c2b2,0x0000000000000000000000000000000000000000
0x8c7e6af3632fb23ec50f5ae98054bc987ed6d931,0xf180d39998beac94ecad0dc99144dbc33c8e3a08,0x0000000000000000000000000000000000000000
0xcfa13efc46195806bab6716d7ab1a31076fa4d40,0x59829bf00418a2b9d5cd57c9446593cdfdd60e17,0x0000000000000000000000000000000000000000
0xc773f1c8251c36ac0b7d469e50afddcf5b89a4f2,0x2f67038af19a4ff8f5530c238b0029b80278b9bc,0x0000000000000000000000000000000000000000
0x7631440207d223a55c55e41c8f8ee28569f959c6,0xefe139ecee9b787ae4329814058003e81a3a40c1,0x87e312c3c5e3f91714c8b5462128400eb92c609d
0x7924259dab32774a5a34ef07ae6a834777a78033,0x05b5d413e8350460ce37c40c41f98b4a37e7a241,0x0000000000000000000000000000000000000000
0xf991b846fd9f9c5896b28acef2761db2fb8f98c2,0x997dc1b5dc6b9ea22c0f78b69203959cde10c2f2,0x0000000000000000000000000000000000000000
0x72f43cdd15a7cc6ca3cc0e53328bcaa130357818,0xb69cbceb20b9ef2c0b8e90b5467e9dacb54df6f5,0x0000000000000000000000000000000000000000
0xa01873312e284d18d6d24f51599299e6f4b64f24,0x6cebd05928c305c983d6856e05a45f79e554ddf0,0x0000000000000000000000000000000000000000
0x1241b37f333e3d5fa5013f96713c3cb6a43fb987,0x03ad54f17ee210fe854d66d3ed47614c65ab782e,0x0000000000000000000000000000000000000000
0xf1cda77c7361bf279592593fb11d71901db10b86,0xf180d39998beac94ecad0dc99144dbc33c8e3a08,0x0000000000000000000000000000000000000000
0x59e40752be0f745b63ff918089743ca8dfb04151,0xd0eb787a913c41d4eedacc32b08771b89db7a7de,0x093615032936fe291e9e18be0743a4143a295e8a
0x550fdbf9009ccf0afbe54dc8d265a72a85e69869,0x229866a39b5ea3291374247e6b8e5d6313325cc4,0xbb751163658b8af49eb024bb2c4676650ba411fc
0xa489628a09979731ed7c8dc1169ce3766fba2862,0x229866a39b5ea3291374247e6b8e5d6313325cc4,0xbb751163658b8af49eb024bb2c4676650ba411fc
0x58deb023e4f18957b1edc0994f4a385e61d0923d,0xca288eabadc6ed48cda2440a5b068cda8ae9995e,0x0000000000000000000000000000000000000000
0x429d298dc21a9b6b3571196e1c1386786fab9ba1,0x2cf15264a79677a47762066509e592a57bf7465e,0xf2b93a951e89055b97f1ec12aaf932ecd382357c
0xf864968ef7991401861f729d939cdeaa7f977719,0x42b2a1c96f5b8feca3c084dbe1d3189d13975ea3,0x0000000000000000000000000000000000000000
0x656043c240b7722810ddd339cc4f6daaae436f53,0xb7b1a0ff66840ce7c70d21ad561644564b20fbcf,0x0000000000000000000000000000000000000000
0xc0a130d34754dc6820d94c38551278719baa8b82,0x6cebd05928c305c983d6856e05a45f79e554ddf0,0x0000000000000000000000000000000000000000
0x4d94e5817e2e0c3c834ca1b860857175d15746aa,0x229866a39b5ea3291374247e6b8e5d6313325cc4,0xbb751163658b8af49eb024bb2c4676650ba411fc
0xdc97c8bb05d3003aec5b379f2bec51404be492f8,0x229866a39b5ea3291374247e6b8e5d6313325cc4,0xbb751163658b8af49eb024bb2c4676650ba411fc
0x2b41aad904cbe17870bf89d74d0e8fcc7d26b76e,0x4d2564ab6e91a2b667ad7b5747918e5ef3dc327f,0x0000000000000000000000000000000000000000
0x014ac58a8670cbc1271360134de6db19c8937996,0x4d2564ab6e91a2b667ad7b5747918e5ef3dc327f,0x0000000000000000000000000000000000000000
0xa0ba21883f784aa3b419470fc9fa55c5324b24cb,0xb69cbceb20b9ef2c0b8e90b5467e9dacb54df6f5,0x0000000000000000000000000000000000000000
0x09f0136091b24047ca5f0d38d1f6bd1dc7ffe7a7,0xf180d39998beac94ecad0dc99144dbc33c8e3a08,0x0000000000000000000000000000000000000000
0xd16a5cb510fd13e187fe596e59ce3de51dd56725,0xf180d39998beac94ecad0dc99144dbc33c8e3a08,0x0000000000000000000000000000000000000000
0xc15ab8dd7daeea5f1aa3b56507cac8a877e21b15,0x077f7a7b115c989d07f8d8efb16a2c2747b4270d,0x1496294adcc04f835994d5c80901c7d98061cf16
0xc1683e169731f71f35f6121f8fe40b6ece59732c,0xf180d39998beac94ecad0dc99144dbc33c8e3a08,0x0000000000000000000000000000000000000000
0xfecb769383b15381338c75b9f0aa29dd57d77098,0xf180d39998beac94ecad0dc99144dbc33c8e3a08,0x0000000000000000000000000000000000000000
0x61d656c068b93202ecf787a2872c58b39a277b9b,0x9b2b78003e469a342977e0a078f6aef88077acd9,0x0000000000000000000000000000000000000000
0xbf7b02df420520d07c0aa1f67706f142b2bc0a0a,0x04e7913b5186bbd5a738e096177e20473464d326,0xf8bc58b556403dcc4d05e3fd67e052f9324869ca
0xcf15aaeb80aa2f8bcba3c59d05cdd6ebb1816526,0x6cebd05928c305c983d6856e05a45f79e554ddf0,0x0000000000000000000000000000000000000000
0xdea7b55f5eb479134ddeb53361827dcb279d087c,0x40398a05d801ab39c1a92ba385a3d2fb79019f5a,0x0000000000000000000000000000000000000000
0xe9fa3112590f49c8d6c9f9d086df7a445d80b808,0xab769309ebceeda984e666ab727b36211ba02a8a,0x0000000000000000000000000000000000000000
0x26c8cdb31b250b71511984727ec41619acbcf366,0x2cf15264a79677a47762066509e592a57bf7465e,0xf2b93a951e89055b97f1ec12aaf932ecd382357c
0x0bbaf32bc6f843042a0082cc822a6add6d636c3e,0x656043c240b7722810ddd339cc4f6daaae436f53,0xb7b1a0ff66840ce7c70d21ad561644564b20fbcf
0xa73d157fe95327760b0a4796f52a10a9397b2cb1,0x6cebd05928c305c983d6856e05a45f79e554ddf0,0x0000000000000000000000000000000000000000
0xbf5ab8592addd237d35dddd3660ced9235219774,0x56ffd1bf1aedbb4814fbc69704544736798b605a,0x0000000000000000000000000000000000000000
0x90df93ecfe708e50723ffe5f4744559457ca1693,0xbb751163658b8af49eb024bb2c4676650ba411fc,0x0000000000000000000000000000000000000000
0xe611038f2ef1cda4b7c8b5bf74174b3f4b67bf46,0xf180d39998beac94ecad0dc99144dbc33c8e3a08,0x0000000000000000000000000000000000000000
0x9745fc5c3b903e340760efe0cedf956026974830,0xf180d39998beac94ecad0dc99144dbc33c8e3a08,0x0000000000000000000000000000000000000000
0xe0b299b16dd2a8f2b8788e1e5467d252064035ea,0x229866a39b5ea3291374247e6b8e5d6313325cc4,0xbb751163658b8af49eb024bb2c4676650ba411fc
0xf106e0311b00e2b5e2a27dfef45a44add2df4b5b,0x59fd51f8b0a09e0854f8aa85a954d470237d641d,0x0000000000000000000000000000000000000000
0xb4d252f536edfb524c1820adfbd1ab198073ca86,0x4d2564ab6e91a2b667ad7b5747918e5ef3dc327f,0x0000000000000000000000000000000000000000
0xbbcde6646f5646f26042d34e6bbe9043eb037eb6,0x477751ef95c0b08c850374297f416499cf60f7b6,0x0000000000000000000000000000000000000000
0x04e7913b5186bbd5a738e096177e20473464d326,0xf8bc58b556403dcc4d05e3fd67e052f9324869ca,0x656043c240b7722810ddd339cc4f6daaae436f53
0xc97410a59a6d2fff2da159ca2deef43d75285a82,0x6cebd05928c305c983d6856e05a45f79e554ddf0,0x0000000000000000000000000000000000000000
0xeb46e3a364e55a70da58db710c245477f1ebfdc4,0xd5ce939e0778fd6dc9392bfe729cfa714494fae8,0xe5857f6f35cb1bb362899c570d01796f452d2e11
0x15266be54f80d12b05e5a1f431c2ff714edc0ad7,0x507e2135da72698044a8e6ff042324a18d73597b,0x0000000000000000000000000000000000000000
0xe9e1fd37d9c22818a3c27323a718fec074a41526,0xd5ce939e0778fd6dc9392bfe729cfa714494fae8,0xe5857f6f35cb1bb362899c570d01796f452d2e11
0x47655c3b13dd14a54f8ae3cf17cfda12f7f91cd7,0x653d63e4f2d7112a19f5eb993890a3f27b48ada5,0x0000000000000000000000000000000000000000
0xe8e6d9c705a1408211e2ada16440bfc5eeb37401,0xf180d39998beac94ecad0dc99144dbc33c8e3a08,0x0000000000000000000000000000000000000000
0x077f7a7b115c989d07f8d8efb16a2c2747b4270d,0x1496294adcc04f835994d5c80901c7d98061cf16,0x0000000000000000000000000000000000000000
0x8e05ba0a0da77ef2bf9fa97e27a0624547e37594,0x4d2564ab6e91a2b667ad7b5747918e5ef3dc327f,0x0000000000000000000000000000000000000000
0xa254181929238f65c5d669330ff06ecd55229f81,0xf180d39998beac94ecad0dc99144dbc33c8e3a08,0x0000000000000000000000000000000000000000
0xf64242972e116b4ca713efa590730e3741589016,0x507e2135da72698044a8e6ff042324a18d73597b,0x0000000000000000000000000000000000000000
0x1880c8077ce8561b26fc834f7f0c4a86b192d6c0,0x42b2a1c96f5b8feca3c084dbe1d3189d13975ea3,0x0000000000000000000000000000000000000000
0xf14e1f09b7c5259a908c630cd97a5bddc8ddc832,0xbb751163658b8af49eb024bb2c4676650ba411fc,0x0000000000000000000000000000000000000000
0xd98baace1cfde057495b903f9d60b4d1d300a027,0xf180d39998beac94ecad0dc99144dbc33c8e3a08,0x0000000000000000000000000000000000000000
0x186074f3bf006a0d6829d1dcec3468665514348e,0xb69cbceb20b9ef2c0b8e90b5467e9dacb54df6f5,0x0000000000000000000000000000000000000000
0x0960208dee1342ecc96bb0b7768dfd02c4255588,0x59fd51f8b0a09e0854f8aa85a954d470237d641d,0x0000000000000000000000000000000000000000
0xb410193a6049afef819164932b75db1210f05c93,0x4d2564ab6e91a2b667ad7b5747918e5ef3dc327f,0x0000000000000000000000000000000000000000
0x6b07589c50c18d89466b65b74a032ca2e45d069e,0x6cebd05928c305c983d6856e05a45f79e554ddf0,0x0000000000000000000000000000000000000000
0x0673749236474fe88092a432b6fac547119db0cb,0xbb751163658b8af49eb024bb2c4676650ba411fc,0x0000000000000000000000000000000000000000
0x694da39965a6a817ce47b7d3efa622b992b382f6,0x61d656c068b93202ecf787a2872c58b39a277b9b,0x9b2b78003e469a342977e0a078f6aef88077acd9
0x6eb1076b0174ab13c981a0c2f3a1fa83a3e215c0,0x0ed475ee727854d59de0c4b4057405e6e4d80193,0xcfa13efc46195806bab6716d7ab1a31076fa4d40
0x2a5f5db3dc3f31da6437703342957a8fe6dd6a42,0x229866a39b5ea3291374247e6b8e5d6313325cc4,0xbb751163658b8af49eb024bb2c4676650ba411fc
0x4fecee0e3e808b5821e05f20942ba296de18ccf0,0x6cebd05928c305c983d6856e05a45f79e554ddf0,0x0000000000000000000000000000000000000000
0x50ee890460138d95b12a20858233cc25c455e156,0xab769309ebceeda984e666ab727b36211ba02a8a,0x0000000000000000000000000000000000000000
0x415eeadea9c42d35e9930b234f12c3757185a784,0xf180d39998beac94ecad0dc99144dbc33c8e3a08,0x0000000000000000000000000000000000000000
0x6f533803064962a96f7fd7457f94309106edf934,0xf180d39998beac94ecad0dc99144dbc33c8e3a08,0x0000000000000000000000000000000000000000
0x9fa4bff9969c855c5570ec7135a00b301c8c7906,0xf180d39998beac94ecad0dc99144dbc33c8e3a08,0x0000000000000000000000000000000000000000
0x730d9f16f4510e6f42d8dda93665e32884a9280c,0xf180d39998beac94ecad0dc99144dbc33c8e3a08,0x0000000000000000000000000000000000000000
0xc1046fd4a36c209669b7af7b3ecd77e73d0fd34d,0x6cebd05928c305c983d6856e05a45f79e554ddf0,0x0000000000000000000000000000000000000000
0xfdaf6f7ce69062f83a81e0e6131e22c23affd8fc,0xf55822aadf26f8a363aa52d1baafe990431f840d,0x0000000000000000000000000000000000000000
0xc0f803757e4ff2e79b3eaa112f6adde1ae725a96,0xf180d39998beac94ecad0dc99144dbc33c8e3a08,0x0000000000000000000000000000000000000000
0x68373f3369adaab027c7da2d4df7379a37507d1b,0xf180d39998beac94ecad0dc99144dbc33c8e3a08,0x0000000000000000000000000000000000000000
0xfab72b7c3ac825814a5a3108b285a13cfe338697,0xf180d39998beac94ecad0dc99144dbc33c8e3a08,0x0000000000000000000000000000000000000000
0xc5a47ba981be2ad3460e96d406c1c0f39241e6bf,0x6cebd05928c305c983d6856e05a45f79e554ddf0,0x0000000000000000000000000000000000000000
0x196918bd9718f435c128567e19bd36c46d24a55d,0xf180d39998beac94ecad0dc99144dbc33c8e3a08,0x0000000000000000000000000000000000000000
0x9eabbc83ed9af5d76918248ccfbe52d7bacd7eaf,0x30854f045fa685e03530f265a826761e19fc0e17,0x0000000000000000000000000000000000000000
0xcebe27f53c1b4724f2890d0e06c1fe7988b3636d,0x84f9b9eaab0da8e2a86a2e0e3203092e2db62013,0x0000000000000000000000000000000000000000
0x0fccd4f4b1a06f1b7c9a109a59f96145f5b40c7d,0x10f12c2d71cfd9247095a7ab2649551d30d65ff8,0x0000000000000000000000000000000000000000
0x6ce6f110745cd1a6e9b0bd1e1a6624c03a141c8d,0xf180d39998beac94ecad0dc99144dbc33c8e3a08,0x0000000000000000000000000000000000000000
0x882a27413016a9f0daa890d8a12019581be0e53e,0xb69cbceb20b9ef2c0b8e90b5467e9dacb54df6f5,0x0000000000000000000000000000000000000000
0x42492200015c883f24cf5e631208d1081d128666,0x61d656c068b93202ecf787a2872c58b39a277b9b,0x9b2b78003e469a342977e0a078f6aef88077acd9
0x731068c465ea74242c947d5cedccfb8806913052,0xc23816d5c97ccf07f57e8701859d6b524e5a320c,0x73c40b85ff2b6a8b03148fb175ee44a6551002c4
0x24e891edb7ffa70671f9100a4b02d624a16a6d32,0x4d2564ab6e91a2b667ad7b5747918e5ef3dc327f,0x0000000000000000000000000000000000000000
0x12e1352dd3ee76e8a674b4955de041578a5d0eab,0xc23816d5c97ccf07f57e8701859d6b524e5a320c,0x73c40b85ff2b6a8b03148fb175ee44a6551002c4
0xbcfa03d2350fd802b3c62049a05b72899f842ae3,0x93f9eacdd2aa5268b358600a9f9d1b2d07a1dd2a,0x0000000000000000000000000000000000000000
0x54a0b4ae6d4efe00f0ffa327faf4a9c2082aca51,0x0487ebb51f4b8026ad6c4dbf418b6d43ed5744fe,0x0000000000000000000000000000000000000000
0xdf1494ed22f5589460d6bbafa4b412fd0144f263,0xf180d39998beac94ecad0dc99144dbc33c8e3a08,0x0000000000000000000000000000000000000000
0x68bd07f033c95eb52df56de9002b332e66e49bf2,0x229866a39b5ea3291374247e6b8e5d6313325cc4,0xbb751163658b8af49eb024bb2c4676650ba411fc
0x659cb8ab3b85d4f95014024a6edc356e6e234029,0x229866a39b5ea3291374247e6b8e5d6313325cc4,0xbb751163658b8af49eb024bb2c4676650ba411fc
0x3ffc58586d2f72f9c4bddebf217fa4181b7610cc,0xbb751163658b8af49eb024bb2c4676650ba411fc,0x0000000000000000000000000000000000000000
0xc23816d5c97ccf07f57e8701859d6b524e5a320c,0x73c40b85ff2b6a8b03148fb175ee44a6551002c4,0x0000000000000000000000000000000000000000
0x5602a75e09f12228ed318930d1c8616d6b06bf78,0xab769309ebceeda984e666ab727b36211ba02a8a,0x0000000000000000000000000000000000000000
0xffc713385341512339a373106aeb1d5e1d943509,0x229866a39b5ea3291374247e6b8e5d6313325cc4,0xbb751163658b8af49eb024bb2c4676650ba411fc
0x941d06df55a699c4b900f3dc939d3ac9af3a9d18,0xdfa7671bd325412cb2d5e7199ebc79f882bbf6a1,0xa641bfbf23340d5014d50a674a02cf193a694870
0xc27b671053e08b5a82681d64dfce1383ecffaeca,0x507e2135da72698044a8e6ff042324a18d73597b,0x0000000000000000000000000000000000000000
0xc04ce2c46a7433773463ca67e8b383583637e2dd,0xb69cbceb20b9ef2c0b8e90b5467e9dacb54df6f5,0x0000000000000000000000000000000000000000
0x459172ba4399d790d527378e74e5a19bad35f490,0xf3f155adf8580a36e95bebefc8790b7c23a5145c,0x0000000000000000000000000000000000000000
0x14ce84b933dfa021598cbb88b04fad91de68500e,0xf180d39998beac94ecad0dc99144dbc33c8e3a08,0x0000000000000000000000000000000000000000
0xc41c923e4915d1639545abcf8b74a996937dc509,0xe2981eed5ea5ef37a39358ac6ace6b87d7177408,0x0000000000000000000000000000000000000000
0x10a15f515e68ce7bc5884cc6a7254846d1a910fb,0xf180d39998beac94ecad0dc99144dbc33c8e3a08,0x0000000000000000000000000000000000000000
0x0d58ecaa8c9b2e28d63d388e355f626baf1cb6bb,0x229866a39b5ea3291374247e6b8e5d6313325cc4,0xbb751163658b8af49eb024bb2c4676650ba411fc
0xf9197766cb88e9409afb17035782f7b6c3ed723b,0xcb11673592cc6c4b9584f33bbba6c6cf07dde3f7,0x0000000000000000000000000000000000000000
0xcbd3ce16b0e2b32bdca9650bfcadbafe941c5bab,0x56ffd1bf1aedbb4814fbc69704544736798b605a,0x0000000000000000000000000000000000000000
0x68f2f87bbc59a3a6a46fc83cb4deeb240c9b1ec4,0x84f9b9eaab0da8e2a86a2e0e3203092e2db62013,0x0000000000000000000000000000000000000000
0xcd55002a5a295a746bac55da82400edda8e3ba27,0xe06cc74a01d2585c457020f20755dd6afb885e9b,0x51fc339d57541ed05fe5a88a6c970373c733edbc
0x928cce3e0c5937f8a6a7a6326eac7deb3a75d276,0x11487f9e7e06b592896e9732d410de3064c49f3d,0x0000000000000000000000000000000000000000
0x0ed475ee727854d59de0c4b4057405e6e4d80193,0xcfa13efc46195806bab6716d7ab1a31076fa4d40,0x59829bf00418a2b9d5cd57c9446593cdfdd60e17
0xf3d6e7b0ff786f7b986a75452d4c962b2f8249a5,0xbb751163658b8af49eb024bb2c4676650ba411fc,0x0000000000000000000000000000000000000000
0xb28bbf0746df544533a884072b47a23e2624bb52,0x229866a39b5ea3291374247e6b8e5d6313325cc4,0xbb751163658b8af49eb024bb2c4676650ba411fc
0x01dbdbe57329f33edfad070d620ec5512c9c675f,0x42b2a1c96f5b8feca3c084dbe1d3189d13975ea3,0x0000000000000000000000000000000000000000
0x88eed6653cb255e03fcc3644befa52fd08c86a97,0x0bf51eef4dc45172ccb2c425533d9f152c8e2522,0x0000000000000000000000000000000000000000
0x06490d089b7fa7a7358c332f0dc07d9a41ebc290,0x84f9b9eaab0da8e2a86a2e0e3203092e2db62013,0x0000000000000000000000000000000000000000
0x00207670702e39a60bf84ab096d595a373a3c696,0x229866a39b5ea3291374247e6b8e5d6313325cc4,0xbb751163658b8af49eb024bb2c4676650ba411fc
0xe14550a5c86f18657cf0c9f26f8314ba4afef2c6,0xf180d39998beac94ecad0dc99144dbc33c8e3a08,0x0000000000000000000000000000000000000000
0x3ad3c884e63c0b94bd8a53e36cd0aaef4dd2b95a,0xbb751163658b8af49eb024bb2c4676650ba411fc,0x0000000000000000000000000000000000000000
0x2616db5a172aa2e773971ab9067cb88e3353cb6f,0x229866a39b5ea3291374247e6b8e5d6313325cc4,0xbb751163658b8af49eb024bb2c4676650ba411fc
0x4e6e3d83e88cf12e0607e0c5ed658bfce227ddef,0xb6b77d3e63d63e054b54db25d7bfe1a50e7dc7f5,0x0000000000000000000000000000000000000000
0xa641bfbf23340d5014d50a674a02cf193a694870,0xe06cc74a01d2585c457020f20755dd6afb885e9b,0x0000000000000000000000000000000000000000
0xbc1798b0f494584f8dbe9a94205fc32a5446deac,0xc45d5902d25af59d765837ebf2ce4871f67d741f,0x0000000000000000000000000000000000000000
0xe9c9e39a851e8e2e46d91c961ca191d45bfdcb54,0x42b2a1c96f5b8feca3c084dbe1d3189d13975ea3,0x0000000000000000000000000000000000000000
0x425df721dd0c5d68e4e46a9113dcc71d633574cb,0xf180d39998beac94ecad0dc99144dbc33c8e3a08,0x0000000000000000000000000000000000000000
0xdb7d7643e7f5dbfcb7d8f4caea30577f23674d77,0x1a47ef7e41e3ac6e7f9612f697e69f8d0d9f0249,0x95be1b88ca0b875583ed5acf0dab5f93fcd802be
0x4e9c104d24ca8aa27c3e1a5d9d3249e96c5bbd80,0x6968cd0784ddf0165fa161511f6f2599e4dede92,0x0000000000000000000000000000000000000000
0xb7b1a0ff66840ce7c70d21ad561644564b20fbcf,0x6e1e9701bee5f23fbb9a22f5e7c0c18e09f6ec2d,0xab8847bb40e2163cc550edf5fa92b6c62b7a33fa
0x5e0ce2d305e09a22ccffba6a53af34aa07e3af8b,0x93b61e434ed60e55b36b65e8c9ed59869f942dd1,0x0000000000000000000000000000000000000000
0x7cba7886f45ac4a7bff37dbd69e2ad63f02a8b5a,0xf180d39998beac94ecad0dc99144dbc33c8e3a08,0x0000000000000000000000000000000000000000
0xce9d56e0a5d9bdff15cf621a0c7337a874658790,0x42b2a1c96f5b8feca3c084dbe1d3189d13975ea3,0x0000000000000000000000000000000000000000
0x5c41db511fdbbc81434d55e3517a7d42edbb420d,0xf180d39998beac94ecad0dc99144dbc33c8e3a08,0x0000000000000000000000000000000000000000
0xa97189f5ffb4778770c145ac88af68a69d841db9,0xb69cbceb20b9ef2c0b8e90b5467e9dacb54df6f5,0x0000000000000000000000000000000000000000
0xe8fa1765a223970854866d891d057fd7bda7e45d,0xb69cbceb20b9ef2c0b8e90b5467e9dacb54df6f5,0x0000000000000000000000000000000000000000
0xedf17876ff2712d86f12cf5c653c69ff631f1306,0xbb751163658b8af49eb024bb2c4676650ba411fc,0x0000000000000000000000000000000000000000
0x1f53eb628a67eeaa697eea74fda6ee4222b3264d,0xbb751163658b8af49eb024bb2c4676650ba411fc,0x0000000000000000000000000000000000000000
0x093615032936fe291e9e18be0743a4143a295e8a,0x94c71d1780ff80e6154f9e885132bb9d3c207ffd,0x0000000000000000000000000000000000000000
0x68ca62521443f333bf83106c39661ef6b413372a,0xf180d39998beac94ecad0dc99144dbc33c8e3a08,0x0000000000000000000000000000000000000000
0x4cbba8d64efe3947b8e98be36dca15bdae755bfe,0x0211f263b9e5490c9f92ef97f5d64f8751bcba49,0x0000000000000000000000000000000000000000
0xdd8822a3c3ca53da11a49746a8a5445eda142702,0xbb751163658b8af49eb024bb2c4676650ba411fc,0x0000000000000000000000000000000000000000
0xe27a5fe6fff9f50c4d32a67549585b2f05e1669c,0xf180d39998beac94ecad0dc99144dbc33c8e3a08,0x0000000000000000000000000000000000000000
0xd0af440577afa88e63b175fe3cd97fa88f4f7bea,0x6cebd05928c305c983d6856e05a45f79e554ddf0,0x0000000000000000000000000000000000000000
0x7c76e3581b4510ae45be97972e86e71472d96906,0xbb751163658b8af49eb024bb2c4676650ba411fc,0x0000000000000000000000000000000000000000
0x73adb4a72e3116d48d18be4c621ca7bacc02512d,0x6cebd05928c305c983d6856e05a45f79e554ddf0,0x0000000000000000000000000000000000000000
0xb4124d5ec4a3850afecdd7e5ba34cf0c976d8a17,0xf180d39998beac94ecad0dc99144dbc33c8e3a08,0x0000000000000000000000000000000000000000
0xdf6c74e0387570344c4c36ff77c79fd805c5b5f7,0x9b2b78003e469a342977e0a078f6aef88077acd9,0x0000000000000000000000000000000000000000
0x160e5b66f58924736b0a264f25ffd01e6732c39f,0xed883e941c29987a4997c226953e0cc298efa23f,0x0000000000000000000000000000000000000000
0xb72ab3822bfc04fb3d0147ae5bb926523d854f3b,0x93b61e434ed60e55b36b65e8c9ed59869f942dd1,0x0000000000000000000000000000000000000000
0x1683d8a5c84574c7c759cee731007c3fe7384477,0x11487f9e7e06b592896e9732d410de3064c49f3d,0x0000000000000000000000000000000000000000
0x3947cd0e6425f1923f102c08e6d810e4c0ca8003,0x06673706d74040a2f7fe10ce670dabcdee109e15,0x0000000000000000000000000000000000000000
0x9c614f00b33196c2fb5508e115007346c6719d5d,0xf180d39998beac94ecad0dc99144dbc33c8e3a08,0x0000000000000000000000000000000000000000
0x0a1fe8266ef794322043da6f53a897486945b1bf,0xf180d39998beac94ecad0dc99144dbc33c8e3a08,0x0000000000000000000000000000000000000000
0xae00882673fc256cf508327f8bb86f4a7bdd8645,0xbb751163658b8af49eb024bb2c4676650ba411fc,0x0000000000000000000000000000000000000000
0x17f97157f69041dcb178492897b4b14d9abd8ddc,0xbb751163658b8af49eb024bb2c4676650ba411fc,0x0000000000000000000000000000000000000000
0xce84e4e6f1072e34f8d76f925f187f12de4aa98b,0xf180d39998beac94ecad0dc99144dbc33c8e3a08,0x0000000000000000000000000000000000000000
0x356694b172712a2b08f0636853b5ad5f9c89f07c,0x42b2a1c96f5b8feca3c084dbe1d3189d13975ea3,0x0000000000000000000000000000000000000000
0xc5568716900cad1c5e3f5ad1b1501b0488b36b1d,0xf180d39998beac94ecad0dc99144dbc33c8e3a08,0x0000000000000000000000000000000000000000
0x2d5079eb11aa1137d379addd7e3baff7fc4a9cd8,0xca288eabadc6ed48cda2440a5b068cda8ae9995e,0x0000000000000000000000000000000000000000
0xc2a705f88fb4f33d886dc03442210c2de40a2b74,0xf180d39998beac94ecad0dc99144dbc33c8e3a08,0x0000000000000000000000000000000000000000
0xa7045aebc7df04d61e72e874894c4eb2a6a56541,0xf180d39998beac94ecad0dc99144dbc33c8e3a08,0x0000000000000000000000000000000000000000
0x7a09ebc3add45ebf3b8b6d03b105cd2e3e6328f0,0xf180d39998beac94ecad0dc99144dbc33c8e3a08,0x0000000000000000000000000000000000000000
0x1a47ef7e41e3ac6e7f9612f697e69f8d0d9f0249,0x95be1b88ca0b875583ed5acf0dab5f93fcd802be,0x778e8c40de16f707a967b9b829ce9d8a41a2b7bc
0x2945d233470e582722d2188ee42fa3b2165755e8,0xbb751163658b8af49eb024bb2c4676650ba411fc,0x0000000000000000000000000000000000000000
0x2c2adb23bf193d461d1b306ef1bbff64b987dbc2,0xf180d39998beac94ecad0dc99144dbc33c8e3a08,0x0000000000000000000000000000000000000000
0x92baa690fd44b356bdd61b3b145bbf163f9e5c5f,0x5f299586ad0c7ff712572a708cbe462dacecb166,0x0000000000000000000000000000000000000000
0xb13114bdbd4803526483384cb99b6c0aa48a30f7,0x0211f263b9e5490c9f92ef97f5d64f8751bcba49,0x0000000000000000000000000000000000000000
0x5471b4ac2aeb0113a3e7a99379db0af62eefcb18,0xf180d39998beac94ecad0dc99144dbc33c8e3a08,0x0000000000000000000000000000000000000000
0x36dd6d514dffa7d7436c97ab3d9da1fa19df1736,0xf180d39998beac94ecad0dc99144dbc33c8e3a08,0x0000000000000000000000000000000000000000
0xa7e16efa2e8af09d87845c5a8bb34f1b21c8fd6b,0x11487f9e7e06b592896e9732d410de3064c49f3d,0x0000000000000000000000000000000000000000
0x2e3954966f2019e65912efd5303b5de41b869119,0x4e6e3d83e88cf12e0607e0c5ed658bfce227ddef,0x0000000000000000000000000000000000000000
0x677f0fb523ecfe8343560ddcaac47e1eab34409a,0x9b2b78003e469a342977e0a078f6aef88077acd9,0x0000000000000000000000000000000000000000
0x09acb19177fa2873ad9e894ff90ebc540bcc9855,0x6cebd05928c305c983d6856e05a45f79e554ddf0,0x0000000000000000000000000000000000000000
0x9e21c3493ec8d82b66729f0b3555417fda20b878,0x1a47ef7e41e3ac6e7f9612f697e69f8d0d9f0249,0x95be1b88ca0b875583ed5acf0dab5f93fcd802be
0x93ef66a96453cad82d7940dd74ac0c12d9a14e85,0x5f299586ad0c7ff712572a708cbe462dacecb166,0x0000000000000000000000000000000000000000
0x95be1b88ca0b875583ed5acf0dab5f93fcd802be,0x778e8c40de16f707a967b9b829ce9d8a41a2b7bc,0x1a47ef7e41e3ac6e7f9612f697e69f8d0d9f0249
0xae6a4264c6ca1a04dcb5e42f1017595d62d28b68,0x5e3025c5547c5f76b4a0b77ff033b4345418946e,0xab769309ebceeda984e666ab727b36211ba02a8a
0x4349c7bdceec391f653e517aaab7488efd3055ea,0xbb751163658b8af49eb024bb2c4676650ba411fc,0x0000000000000000000000000000000000000000
0x3b1251b32238c21acdbb42fe35b88717900b1b83,0x4d2564ab6e91a2b667ad7b5747918e5ef3dc327f,0x0000000000000000000000000000000000000000
0x45d71b442322bc7150671f32ada08e61ed521c71,0xbb751163658b8af49eb024bb2c4676650ba411fc,0x0000000000000000000000000000000000000000
0x876e3f0afd7c8f809eaebb812d72edd24521d420,0x11487f9e7e06b592896e9732d410de3064c49f3d,0x0000000000000000000000000000000000000000
0x34698dd9b5699900d877548704a43fc64f456e40,0x56ffd1bf1aedbb4814fbc69704544736798b605a,0x0000000000000000000000000000000000000000
0x1f4cd949075b3b6468852c7fc3dd601f97e914e2,0x84f9b9eaab0da8e2a86a2e0e3203092e2db62013,0x0000000000000000000000000000000000000000
0x9881e9ab3e3dd1f70040f4793524862ccf91d696,0xc23816d5c97ccf07f57e8701859d6b524e5a320c,0x73c40b85ff2b6a8b03148fb175ee44a6551002c4
0x8eb5d539c301665189f8743696b60ec97639020d,0xe2981eed5ea5ef37a39358ac6ace6b87d7177408,0x0000000000000000000000000000000000000000
0x006b66555620498182c88348b55bbc16f25618f1,0xbb751163658b8af49eb024bb2c4676650ba411fc,0x0000000000000000000000000000000000000000
0x42db45e81787d141aa6cbec6ff5ac74a01ae2e39,0xd5ce939e0778fd6dc9392bfe729cfa714494fae8,0xe5857f6f35cb1bb362899c570d01796f452d2e11
0x6cff24e75cc4467aafaa6e2d2b2cbbcd4f5eb771,0xf180d39998beac94ecad0dc99144dbc33c8e3a08,0x0000000000000000000000000000000000000000
0x18fa60f95cddbbcfc91860ac6e65dea63ec033fb,0x10f12c2d71cfd9247095a7ab2649551d30d65ff8,0x0000000000000000000000000000000000000000
0xf7b555d621e90c4ff883ff6ac5eb4ba20603d507,0xbb751163658b8af49eb024bb2c4676650ba411fc,0x0000000000000000000000000000000000000000
0x3436284683bdd1a5580e7baafa0d449e6fed6877,0x1a47ef7e41e3ac6e7f9612f697e69f8d0d9f0249,0x95be1b88ca0b875583ed5acf0dab5f93fcd802be
0xdda4d121622ef4a2326337b49c533a5f7c6b48be,0xf180d39998beac94ecad0dc99144dbc33c8e3a08,0x0000000000000000000000000000000000000000
0xf81d024c76eb849e4da0543a7780c260e1135ca7,0x56ffd1bf1aedbb4814fbc69704544736798b605a,0x0000000000000000000000000000000000000000
0x5bf203a0b773b9c2c0317e71ec74d96739d4ad76,0xbb751163658b8af49eb024bb2c4676650ba411fc,0x0000000000000000000000000000000000000000
0x1ebcf830fb198417fcd00a7fbcfaf71c7097adee,0x6cebd05928c305c983d6856e05a45f79e554ddf0,0x0000000000000000000000000000000000000000
0xf81f324e401c41f480084d7fb591f380043d54d5,0x4d2564ab6e91a2b667ad7b5747918e5ef3dc327f,0x0000000000000000000000000000000000000000
0xfd3c30cfdde1facd79043857c6bf07969311c718,0x84f9b9eaab0da8e2a86a2e0e3203092e2db62013,0x0000000000000000000000000000000000000000
0xd4cbfea594731e7c8e79b381c45ec224ffc4984b,0xf180d39998beac94ecad0dc99144dbc33c8e3a08,0x0000000000000000000000000000000000000000
0xe11b21b053de6667fcde971133ee4c6002e40101,0x229866a39b5ea3291374247e6b8e5d6313325cc4,0xbb751163658b8af49eb024bb2c4676650ba411fc
0xe9934e7b53a03d2aa279e33c1f2b512b80c5a784,0xbb751163658b8af49eb024bb2c4676650ba411fc,0x0000000000000000000000000000000000000000
0x6e1e9701bee5f23fbb9a22f5e7c0c18e09f6ec2d,0xab8847bb40e2163cc550edf5fa92b6c62b7a33fa,0x0000000000000000000000000000000000000000
0x785d05a680bc36f739d8e2a48a889f4ccbedecc2,0x30854f045fa685e03530f265a826761e19fc0e17,0x0000000000000000000000000000000000000000
0xa49a0dfad360650abc1121ef740ef17b9f29d4a7,0x0487ebb51f4b8026ad6c4dbf418b6d43ed5744fe,0x0000000000000000000000000000000000000000
0x55b492745f029743f6c4bcae15e704b0c1038bf9,0x93b61e434ed60e55b36b65e8c9ed59869f942dd1,0x0000000000000000000000000000000000000000
0xdd2cf358428c3cc794372c13361ef1e15a26a172,0xb7b1a0ff66840ce7c70d21ad561644564b20fbcf,0x0000000000000000000000000000000000000000
0x66591bbcaf99670c00dc34637eed237e7ad6f642,0x6cebd05928c305c983d6856e05a45f79e554ddf0,0x0000000000000000000000000000000000000000
0xe6c621492d909d043d258271a5d83ebaaa3d0e53,0x59fd51f8b0a09e0854f8aa85a954d470237d641d,0x0000000000000000000000000000000000000000
0x61172af2a486a2c65133822692952c1cf4446267,0x229866a39b5ea3291374247e6b8e5d6313325cc4,0xbb751163658b8af49eb024bb2c4676650ba411fc
0x29b8a43fb16d0c276a4bf1de4c5323562afc8393,0xf180d39998beac94ecad0dc99144dbc33c8e3a08,0x0000000000000000000000000000000000000000
0x905c4acf26e7a2fadf477f8d39b9aa3e02d85a1d,0x42b2a1c96f5b8feca3c084dbe1d3189d13975ea3,0x0000000000000000000000000000000000000000
0xeb77cc7530402e6704e95ef46d9fece8928571da,0xf180d39998beac94ecad0dc99144dbc33c8e3a08,0x0000000000000000000000000000000000000000
0x7c72e2bcdf6ee671b1bf9fd5eead704439c68514,0xbb751163658b8af49eb024bb2c4676650ba411fc,0x0000000000000000000000000000000000000000
0x8b62d7b65370f64d4a8a00dcd58107a0663a4b20,0xf180d39998beac94ecad0dc99144dbc33c8e3a08,0x0000000000000000000000000000000000000000
0xbad7ea23f74f51dc82f389d08690392b59a15bbf,0xbb751163658b8af49eb024bb2c4676650ba411fc,0x0000000000000000000000000000000000000000
0x833c549202c11e7322126dedb05d9c3e30235dc2,0x59fd51f8b0a09e0854f8aa85a954d470237d641d,0x0000000000000000000000000000000000000000
0x6b09754eb84e0c92555303ee474381c44c84afd0,0x87e312c3c5e3f91714c8b5462128400eb92c609d,0x0000000000000000000000000000000000000000
0x1f1e1c9ff993eefe230cabae91dc5c5a73326251,0xf55822aadf26f8a363aa52d1baafe990431f840d,0x0000000000000000000000000000000000000000
0x687185c12df8f81b8771685f40a0b52cc7724082,0x6cebd05928c305c983d6856e05a45f79e554ddf0,0x0000000000000000000000000000000000000000
0xc2a8d15fe89414cabab8a59607d2108bfc7486e9,0x656043c240b7722810ddd339cc4f6daaae436f53,0xb7b1a0ff66840ce7c70d21ad561644564b20fbcf
0x0f65160bc04ac824bc40fcd37105a1f1ec5a4518,0x229866a39b5ea3291374247e6b8e5d6313325cc4,0xbb751163658b8af49eb024bb2c4676650ba411fc
0x99d04fa211b73e7dd6376876b67678c032659c2a,0x1a47ef7e41e3ac6e7f9612f697e69f8d0d9f0249,0x95be1b88ca0b875583ed5acf0dab5f93fcd802be
0x65ca8a6a64dbdc09f3aa80d2b57d6b2c13fcb7b6,0x4d2564ab6e91a2b667ad7b5747918e5ef3dc327f,0x0000000000000000000000000000000000000000
0x0bc8c4e49ec9a146ddf46c88ef9b351b8ef10712,0xf180d39998beac94ecad0dc99144dbc33c8e3a08,0x0000000000000000000000000000000000000000
0xa5d1411e08aa8d0c38923c4820557bb0cd12894e,0xbb751163658b8af49eb024bb2c4676650ba411fc,0x0000000000000000000000000000000000000000
0xae3b5c0ffc2695ab42a1b5ef5d6b22830e0a3548,0xe1bd7d01e855315a36637c3ac926c2425778198a,0x0000000000000000000000000000000000000000
0x612b1da384b70ddb6bf322338385a50bb5893b42,0xf180d39998beac94ecad0dc99144dbc33c8e3a08,0x0000000000000000000000000000000000000000
0x1e742285cc17bad26a307b4c781c96d29f0b3c21,0x130d95076c583dd7f2d8970c14ddcc87ff77f4fc,0x0000000000000000000000000000000000000000
0x871b6e605230c16697cc1c94d49dd9804edeab99,0x5845748d92a1dab0c670847d0f8d70c7b377c2b2,0x0000000000000000000000000000000000000000
0x0fa12aa74fd010ba3b31847a229c59ce720f5881,0x84f9b9eaab0da8e2a86a2e0e3203092e2db62013,0x0000000000000000000000000000000000000000
0x0c49080ec7b3c6ca97acc8a62178d5a5cfce8af5,0xf180d39998beac94ecad0dc99144dbc33c8e3a08,0x0000000000000000000000000000000000000000
0xfb29e9dd8ee6dc2a4dd7d120069982e47341d05e,0x507e2135da72698044a8e6ff042324a18d73597b,0x0000000000000000000000000000000000000000
0xee0cef7c00f81ce81aff4b297287eebcfb4f51a7,0x6cebd05928c305c983d6856e05a45f79e554ddf0,0x0000000000000000000000000000000000000000
0x5414778cd7f8643c6931a5acc7fe0cb961a73363,0xbb751163658b8af49eb024bb2c4676650ba411fc,0x0000000000000000000000000000000000000000
0xd2a393e9ed63431870c0885b6ab48974e5e1eb50,0x59fd51f8b0a09e0854f8aa85a954d470237d641d,0x0000000000000000000000000000000000000000
0x63cf34eb4307c2022efca2013720f40d9c6aaee0,0x84f9b9eaab0da8e2a86a2e0e3203092e2db62013,0x0000000000000000000000000000000000000000
0x85b394a807791149da1fc2233294dc6e210fad4f,0x5f299586ad0c7ff712572a708cbe462dacecb166,0x0000000000000000000000000000000000000000
0xbb2c1cd1509e28170168e1d47ba116c654d44852,0xefe139ecee9b787ae4329814058003e81a3a40c1,0x87e312c3c5e3f91714c8b5462128400eb92c609d
0x7d636a257e3046867145c70d25ede333d00813b1,0xf180d39998beac94ecad0dc99144dbc33c8e3a08,0x0000000000000000000000000000000000000000
0xf0598e41692552bbbeccdccfbb1207466274a79c,0x6cebd05928c305c983d6856e05a45f79e554ddf0,0x0000000000000000000000000000000000000000
0xcdb1ecc2006f0551609656195784cd9faae2a681,0xbb751163658b8af49eb024bb2c4676650ba411fc,0x0000000000000000000000000000000000000000
0xc466721a8989895c30dbde51a1d8e8a6080b850c,0xbb751163658b8af49eb024bb2c4676650ba411fc,0x0000000000000000000000000000000000000000
0x7aabf099d05a4e3461a4be101a47bc50ae92aac8,0xbb751163658b8af49eb024bb2c4676650ba411fc,0x0000000000000000000000000000000000000000
0x510e5ec1889ea8528a9f538b751e18d63577f225,0xf5bee8859d33beb31fc7c3f5c40ea408addee568,0x0000000000000000000000000000000000000000
0x4f46f3770e55dbf1be7f16ec24cf7ec0ed4e3059,0x59fd51f8b0a09e0854f8aa85a954d470237d641d,0x0000000000000000000000000000000000000000
0x8a364cfda67647ffc42bfd0e7989d706b5b71893,0xd5ce939e0778fd6dc9392bfe729cfa714494fae8,0xe5857f6f35cb1bb362899c570d01796f452d2e11
0x533aa93c0dd28d01a7632b124e8c4f835766e22d,0xcb11673592cc6c4b9584f33bbba6c6cf07dde3f7,0x0000000000000000000000000000000000000000
0xa8d02d1a71cc3ec970cf129cf3666403c80b2e89,0xf64242972e116b4ca713efa590730e3741589016,0x507e2135da72698044a8e6ff042324a18d73597b
0x6c3ed0ec4d93589b0f78e7a2d350f876ab79ba18,0x93b61e434ed60e55b36b65e8c9ed59869f942dd1,0x0000000000000000000000000000000000000000
0xbaff7d3729de2e8346ba6848bf8563bec1ac921d,0x73c40b85ff2b6a8b03148fb175ee44a6551002c4,0x0000000000000000000000000000000000000000
0x47cfc63ccdf5d6076b5844c5b70574ffad32b300,0x6cebd05928c305c983d6856e05a45f79e554ddf0,0x0000000000000000000000000000000000000000
0x11d09cc767cea9c33e8358417a3f5dc7cc169483,0x997dc1b5dc6b9ea22c0f78b69203959cde10c2f2,0x0000000000000000000000000000000000000000
0xbe44d43cdbf7c8f6c5d26a4ff4759ac96f050890,0xca288eabadc6ed48cda2440a5b068cda8ae9995e,0x0000000000000000000000000000000000000000
0x23c78d61911c4b57135e3c3a3c158f362b6c758d,0xd5ce939e0778fd6dc9392bfe729cfa714494fae8,0xe5857f6f35cb1bb362899c570d01796f452d2e11
0xbb331f7c9c6508ad76853fa5926673839c149951,0xf180d39998beac94ecad0dc99144dbc33c8e3a08,0x0000000000000000000000000000000000000000
0x0e320e1f77571de914d0574c49d09d3af9b81743,0x229866a39b5ea3291374247e6b8e5d6313325cc4,0xbb751163658b8af49eb024bb2c4676650ba411fc
0xf828b54cfcec45d18a54f50050f1856488aad9f8,0x6cebd05928c305c983d6856e05a45f79e554ddf0,0x0000000000000000000000000000000000000000
0x719aac09c7cde1a1fb0c5318f88a6ec83c0fa8ee,0xf180d39998beac94ecad0dc99144dbc33c8e3a08,0x0000000000000000000000000000000000000000
0x5ce854eb4d35b6d7a902d7c1575b8f1498cf6f61,0xbb751163658b8af49eb024bb2c4676650ba411fc,0x0000000000000000000000000000000000000000
0xefe139ecee9b787ae4329814058003e81a3a40c1,0x87e312c3c5e3f91714c8b5462128400eb92c609d,0x0000000000000000000000000000000000000000
0x55c6c6eeb456953732a6d49327274dce8b3d5de5,0x6cebd05928c305c983d6856e05a45f79e554ddf0,0x0000000000000000000000000000000000000000
0x514543501f87f28afa841eb0cec7dcee675209f8,0xbb751163658b8af49eb024bb2c4676650ba411fc,0x0000000000000000000000000000000000000000
0x7febe0e3a70babfb9ae119c840d073c024d49215,0x11487f9e7e06b592896e9732d410de3064c49f3d,0x0000000000000000000000000000000000000000
0x18e71d0a8eabb6f9277a51070443e81f27b5213f,0x1a47ef7e41e3ac6e7f9612f697e69f8d0d9f0249,0x95be1b88ca0b875583ed5acf0dab5f93fcd802be
0xb4890844c592d748c5c26a6706601d93f13bc089,0x6cebd05928c305c983d6856e05a45f79e554ddf0,0x0000000000000000000000000000000000000000
0x5a8984f700b6d83086fbd576e513a08822329438,0xf180d39998beac94ecad0dc99144dbc33c8e3a08,0x0000000000000000000000000000000000000000
0x076ee989ea9a721a9e1fd4f81f848f5543227eb8,0xf180d39998beac94ecad0dc99144dbc33c8e3a08,0x0000000000000000000000000000000000000000
0x62ac30daeefcf495586208a29c5d055f2994b9e1,0xbb751163658b8af49eb024bb2c4676650ba411fc,0x0000000000000000000000000000000000000000
0xe06cc74a01d2585c457020f20755dd6afb885e9b,0x51fc339d57541ed05fe5a88a6c970373c733edbc,0xbf7b02df420520d07c0aa1f67706f142b2bc0a0a
0xaf44ea41f25f575a50533ac4c6ac347c235bffad,0x507e2135da72698044a8e6ff042324a18d73597b,0x0000000000000000000000000000000000000000
0xf175d406008529afc55a4968c1171561847547ee,0x84f9b9eaab0da8e2a86a2e0e3203092e2db62013,0x0000000000000000000000000000000000000000
0x65e09ae53d5f1a7d75e4442eb9d004191dd253fb,0xf64242972e116b4ca713efa590730e3741589016,0x507e2135da72698044a8e6ff042324a18d73597b
0x7ab84697fc44ce8c6fed3ee8a968cd5429bddc99,0x507e2135da72698044a8e6ff042324a18d73597b,0x0000000000000000000000000000000000000000
0xd72a8022886f190fc7519b9d34bdadfb4b9fd405,0xbb751163658b8af49eb024bb2c4676650ba411fc,0x0000000000000000000000000000000000000000
0xd221314d8fb17391a2da392d82d32ece89b5f004,0x229866a39b5ea3291374247e6b8e5d6313325cc4,0xbb751163658b8af49eb024bb2c4676650ba411fc
0x9c99f3ae39bf1a9af6e2567d21fc066051f3674e,0xf180d39998beac94ecad0dc99144dbc33c8e3a08,0x0000000000000000000000000000000000000000
0x23873e8e97bced24881a04892ecdfcda1df4e755,0x229866a39b5ea3291374247e6b8e5d6313325cc4,0xbb751163658b8af49eb024bb2c4676650ba411fc
0xbaef27fecc1cf99ce6ecdcd795daaf758cf8daf8,0x5845748d92a1dab0c670847d0f8d70c7b377c2b2,0x0000000000000000000000000000000000000000
0x946f1d5824f99362d3bf32f122c2c42ad808ce09,0x59fd51f8b0a09e0854f8aa85a954d470237d641d,0x0000000000000000000000000000000000000000
0x17bb9e0755c784bd408b89f2313f9995f16d6864,0x429d298dc21a9b6b3571196e1c1386786fab9ba1,0x2cf15264a79677a47762066509e592a57bf7465e
0xd1b4502138e5bd7f84e1d9a5f2328ace2dd603bd,0xf180d39998beac94ecad0dc99144dbc33c8e3a08,0x0000000000000000000000000000000000000000
0x2cf15264a79677a47762066509e592a57bf7465e,0xf2b93a951e89055b97f1ec12aaf932ecd382357c,0x0000000000000000000000000000000000000000
0x6cba1d7f4e3536212c4b28a7615fdca8a3c9a1fd,0x229866a39b5ea3291374247e6b8e5d6313325cc4,0xbb751163658b8af49eb024bb2c4676650ba411fc
0x838d06379da893e52f4e671d35d694093a442d72,0x66ce476bb662e7e5a07bc83427b9423ee085c33d,0x0000000000000000000000000000000000000000
0x684f5d334b15f4880fee350ccae8dc0236117da9,0x1a47ef7e41e3ac6e7f9612f697e69f8d0d9f0249,0x95be1b88ca0b875583ed5acf0dab5f93fcd802be
0x56ffd1bf1aedbb4814fbc69704544736798b605a,0x5f299586ad0c7ff712572a708cbe462dacecb166,0x0000000000000000000000000000000000000000
0xabe4548a06e8276c45cedc9d9fb8b21a38b8bf1e,0x1a47ef7e41e3ac6e7f9612f697e69f8d0d9f0249,0x95be1b88ca0b875583ed5acf0dab5f93fcd802be
0xd01c8bc274a024d1a3ee7209b2bb20773ab4d477,0x6cebd05928c305c983d6856e05a45f79e554ddf0,0x0000000000000000000000000000000000000000
0xff67499c6cfb7eddf78fe19d2146eaf0ab45044e,0xf180d39998beac94ecad0dc99144dbc33c8e3a08,0x0000000000000000000000000000000000000000
0xc529f9920a858d742dd3f67f351c738e35d0c85e,0x42b2a1c96f5b8feca3c084dbe1d3189d13975ea3,0x0000000000000000000000000000000000000000
0x04757e4a8aa0f2d75a788731c00a8b272704900c,0x5f299586ad0c7ff712572a708cbe462dacecb166,0x0000000000000000000000000000000000000000
0xe3ac24ff9f6a04e110fd1cd9fbc7281629729358,0xf180d39998beac94ecad0dc99144dbc33c8e3a08,0x0000000000000000000000000000000000000000
0xd1636d3820d004057532de95afae97796481ba61,0x2cf15264a79677a47762066509e592a57bf7465e,0xf2b93a951e89055b97f1ec12aaf932ecd382357c
0x10769bba1a9c6cd6a22e672c88b3ef266f57c77e,0x4316d175db9b7bcc6edd00513f0389dfa967bd77,0x0000000000000000000000000000000000000000
0x0c0e42989665d24a2db24c3ec3113114e0eccfa5,0x11487f9e7e06b592896e9732d410de3064c49f3d,0x0000000000000000000000000000000000000000
0xba16a5637ac7d32f2f3060b9b31baf069e9b455b,0x11487f9e7e06b592896e9732d410de3064c49f3d,0x0000000000000000000000000000000000000000
0x50c7ebf794cdf94212686b5960a9164247845838,0xf180d39998beac94ecad0dc99144dbc33c8e3a08,0x0000000000000000000000000000000000000000
0x6760ff558c1db2231eb2cf1d16de05b01231193e,0x504ed34ef81cb0d3cae0e326191454bbefeca605,0x0000000000000000000000000000000000000000
0x0f37e5a94b61574becd118a256ca747acd724ec2,0x1a47ef7e41e3ac6e7f9612f697e69f8d0d9f0249,0x95be1b88ca0b875583ed5acf0dab5f93fcd802be
0xb5642992d7e232dfdf589af432daaee7cba2f0fe,0x84f9b9eaab0da8e2a86a2e0e3203092e2db62013,0x0000000000000000000000000000000000000000
0x1ec6d6ce4fe7f518c358c1bc2864f95e55f2e2e0,0xf180d39998beac94ecad0dc99144dbc33c8e3a08,0x0000000000000000000000000000000000000000
0x5560e4dc0a304be5247eafbd2aef9fde711b561e,0x6cebd05928c305c983d6856e05a45f79e554ddf0,0x0000000000000000000000000000000000000000
0x0e1ad1d251482291a99292d97ec7e9f255f9bce9,0x11487f9e7e06b592896e9732d410de3064c49f3d,0x0000000000000000000000000000000000000000
0xd739b9434e0ebf95ad6cf55781e422f21e2e8684,0xbb751163658b8af49eb024bb2c4676650ba411fc,0x0000000000000000000000000000000000000000
0x6980655f7ab21a4679f17ebea37dafab346a1118,0x42b2a1c96f5b8feca3c084dbe1d3189d13975ea3,0x0000000000000000000000000000000000000000
0x3dde65d4bf83d6c97b31aba11608ebd3f712553a,0xf55822aadf26f8a363aa52d1baafe990431f840d,0x0000000000000000000000000000000000000000
0x24847aea3c84b9844e6bf81e4e2b9fa327851c87,0x59fd51f8b0a09e0854f8aa85a954d470237d641d,0x0000000000000000000000000000000000000000
0x8f7e8d22a525158a0c88c548731d518a94bfde32,0xbb751163658b8af49eb024bb2c4676650ba411fc,0x0000000000000000000000000000000000000000
0x12af82fcf54fd126b6b370d2b91b9466b3bc80fa,0xf180d39998beac94ecad0dc99144dbc33c8e3a08,0x0000000000000000000000000000000000000000
0x0171289029705be7293862de97c6f22165266854,0x42b2a1c96f5b8feca3c084dbe1d3189d13975ea3,0x0000000000000000000000000000000000000000
0xa37378840f9182fe9990b162aa1beccb9fa87c25,0xf180d39998beac94ecad0dc99144dbc33c8e3a08,0x0000000000000000000000000000000000000000
0xd44f41f0e4165220d8a28225811dcb95a611f793,0xd5ce939e0778fd6dc9392bfe729cfa714494fae8,0xe5857f6f35cb1bb362899c570d01796f452d2e11
0x2781020c70bcfbf91d3fb767c6d146032da7536e,0xb01e4f6042590061c511d422b1f8e38302778b4d,0x0000000000000000000000000000000000000000
0x7e3f1509a01dd4c7fce8cbb33fbb7aca935e3e68,0x1a47ef7e41e3ac6e7f9612f697e69f8d0d9f0249,0x95be1b88ca0b875583ed5acf0dab5f93fcd802be
0xdcf24274cbd687a5571e8d7b218d4a17ec934811,0xbb751163658b8af49eb024bb2c4676650ba411fc,0x0000000000000000000000000000000000000000
0x3949ef442e3048314992a8ad4283527e04527a3e,0x93b61e434ed60e55b36b65e8c9ed59869f942dd1,0x0000000000000000000000000000000000000000
0x778e8c40de16f707a967b9b829ce9d8a41a2b7bc,0x1a47ef7e41e3ac6e7f9612f697e69f8d0d9f0249,0x0000000000000000000000000000000000000000
0xacc5bdf0a8023cb24774737825bfe2c1d8c6607a,0xbb751163658b8af49eb024bb2c4676650ba411fc,0x0000000000000000000000000000000000000000
0xc09fb54cfbe926fe4dad17eea6c5c40da876901b,0x1a47ef7e41e3ac6e7f9612f697e69f8d0d9f0249,0x95be1b88ca0b875583ed5acf0dab5f93fcd802be
0x7e61da07fcc7af5bcba307f77deda8a861219fb6,0xf180d39998beac94ecad0dc99144dbc33c8e3a08,0x0000000000000000000000000000000000000000
0x41e08675dcfe228fb34be6b75f4134ab35279ede,0xbb751163658b8af49eb024bb2c4676650ba411fc,0x0000000000000000000000000000000000000000
0x498171ca5491e8cf8ea65605c69284e92ae7118d,0x6cebd05928c305c983d6856e05a45f79e554ddf0,0x0000000000000000000000000000000000000000
